<?xml version="1.0" encoding="UTF-8"?>
<project-private xmlns="http://www.netbeans.org/ns/project-private/1">
    <editor-bookmarks xmlns="http://www.netbeans.org/ns/editor-bookmarks/2" lastBookmarkId="0"/>
    <open-files xmlns="http://www.netbeans.org/ns/projectui-open-files/2">
        <group>
            <file>file:/C:/Users/Ql/Documents/NetBeansProjects/Sinhvien/src/ClassStudent.java</file>
            <file>file:/C:/Users/Ql/Documents/NetBeansProjects/Sinhvien/src/Student.java</file>
            <file>file:/C:/Users/Ql/Documents/NetBeansProjects/Sinhvien/src/HelperValidator.java</file>
            <file>file:/C:/Users/Ql/Documents/NetBeansProjects/Sinhvien/src/Classes.java</file>
            <file>file:/C:/Users/Ql/Documents/NetBeansProjects/Sinhvien/src/DayOff.java</file>
            <file>file:/C:/Users/Ql/Documents/NetBeansProjects/Sinhvien/src/Manager.java</file>
            <file>file:/C:/Users/Ql/Documents/NetBeansProjects/Sinhvien/src/ConnectionDatabase.java</file>
        </group>
    </open-files>
</project-private>
